{"cameraMode":{"drawMode":0,"name":"Shaded","section":"Shading Mode"},"sceneLighting":true,"audioPlay":false,"sceneViewState":{"showFog":true,"showMaterialUpdate":false,"showSkybox":true,"showFlares":true,"showImageEffects":true,"showParticleSystems":true,"showVisualEffectGraphs":true,"m_FxEnabled":true},"in2DMode":false,"pivot":{"x":-47.570396423339847,"y":4.210000038146973,"z":3.800222396850586},"rotation":{"x":0.07086753845214844,"y":-0.16932256519794465,"z":0.012459068559110165,"w":0.9831536412239075},"size":6.229969024658203,"orthographic":true}